type_Ghost,type_Grass,type_Ground,type_Ice,type_Psychic,Name
0.024096385542168676,0.0783132530120482,0.04819277108433735,0.012048192771084338,0.06626506024096386,165
0.009433962264150943,0.08490566037735849,0.02830188679245283,0.03773584905660377,0.0660377358490566,106
0.03125,0.08125,0.04375,0.04375,0.075,160
0.05785123966942149,0.12396694214876033,0.03305785123966942,0.024793388429752067,0.06611570247933884,121
0.030303030303030304,0.09090909090909091,0.06060606060606061,0.03636363636363636,0.08484848484848485,165
0.12195121951219512,0.06097560975609756,0.0,0.024390243902439025,0.06097560975609756,82
